description,category
Add new authentication functionality,Feature
Update authentication documentation,Documentation
Setup authentication deployment pipeline,DevOps
Create tests for payment module,Testing
Update user management documentation,Documentation
Fix authentication system crash,Bug
Create tests for login module,Testing
Setup login deployment pipeline,DevOps
Fix login crash issue on Android,Bug
Update API documentation,Documentation
Fix payment system crash,Bug
Update README with installation steps,Documentation
Update payment documentation,Documentation
Setup API deployment pipeline,DevOps
Setup user management deployment pipeline,DevOps
Setup API deployment pipeline,DevOps
Create export to PDF functionality,Feature
Fix database system crash,Bug
Update API documentation,Documentation
Update user management documentation,Documentation
Fix API system crash,Bug
Create changelog for v2.0 release,Documentation
Create export to PDF functionality,Feature
Monitor logs with Prometheus and Grafana,DevOps
Update authentication documentation,Documentation
Setup database deployment pipeline,DevOps
Create tests for database module,Testing
Fix payment system crash,Bug
Add new database functionality,Feature
Create tests for database module,Testing
Monitor logs with Prometheus and Grafana,DevOps
Update database documentation,Documentation
Perform regression testing after patch release,Testing
Add new API functionality,Feature
Create tests for database module,Testing
Fix API returning 500 error,Bug
Add new database functionality,Feature
Setup login deployment pipeline,DevOps
Update API documentation,Documentation
Configure Docker and Kubernetes for microservices,DevOps
Update login documentation,Documentation
Create tests for login module,Testing
Setup login deployment pipeline,DevOps
Implement Google Sign-In authentication,Feature
Set up CI/CD pipeline with GitHub Actions,DevOps
Fix authentication system crash,Bug
Setup login deployment pipeline,DevOps
Create tests for payment module,Testing
Fix API system crash,Bug
Fix user management system crash,Bug
Create tests for authentication module,Testing
Configure Docker and Kubernetes for microservices,DevOps
Fix API returning 500 error,Bug
Add new database functionality,Feature
Update login documentation,Documentation
Create tests for payment module,Testing
Create tests for UI module,Testing
Add new login functionality,Feature
Setup login deployment pipeline,DevOps
Automate deployment using Jenkins,DevOps
Create tests for API module,Testing
Setup user management deployment pipeline,DevOps
Document API endpoints for frontend team,Documentation
Setup UI deployment pipeline,DevOps
Setup database deployment pipeline,DevOps
Create tests for database module,Testing
Update login documentation,Documentation
Update UI documentation,Documentation
Fix login system crash,Bug
Configure Docker and Kubernetes for microservices,DevOps
Implement Google Sign-In authentication,Feature
Create tests for payment module,Testing
Create tests for UI module,Testing
Fix database system crash,Bug
Add new authentication functionality,Feature
Write unit tests for payment module,Testing
Update user management documentation,Documentation
Create tests for user management module,Testing
Perform regression testing after patch release,Testing
Create tests for payment module,Testing
Update payment documentation,Documentation
Add new login functionality,Feature
Create tests for UI module,Testing
Setup login deployment pipeline,DevOps
Create tests for user management module,Testing
Create tests for UI module,Testing
Fix user management system crash,Bug
Setup UI deployment pipeline,DevOps
Write user guide for admin dashboard,Documentation
Add new authentication functionality,Feature
Add new database functionality,Feature
Write shell script for nightly backups,DevOps
Setup login deployment pipeline,DevOps
Create tests for user management module,Testing
Setup API deployment pipeline,DevOps
Add inline comments in data processor code,Documentation
Add new API functionality,Feature
Update authentication documentation,Documentation
Setup login deployment pipeline,DevOps
Add new database functionality,Feature
Fix API system crash,Bug
Create tests for authentication module,Testing
Update authentication documentation,Documentation
Update UI documentation,Documentation
Create tests for UI module,Testing
Add new UI functionality,Feature
Create changelog for v2.0 release,Documentation
Fix API returning 500 error,Bug
Fix database system crash,Bug
Create tests for login module,Testing
Add new login functionality,Feature
Add new login functionality,Feature
Fix database system crash,Bug
Add new login functionality,Feature
Add new authentication functionality,Feature
Update user management documentation,Documentation
Fix user management system crash,Bug
Write unit tests for payment module,Testing
Resolve issue with image upload not working,Bug
Configure Docker and Kubernetes for microservices,DevOps
Create export to PDF functionality,Feature
Monitor logs with Prometheus and Grafana,DevOps
Create tests for login module,Testing
Setup user management deployment pipeline,DevOps
Create tests for user management module,Testing
Fix authentication system crash,Bug
Setup API deployment pipeline,DevOps
Setup payment deployment pipeline,DevOps
Add new authentication functionality,Feature
Setup authentication deployment pipeline,DevOps
Update user management documentation,Documentation
Create changelog for v2.0 release,Documentation
Create tests for authentication module,Testing
Update login documentation,Documentation
Implement Google Sign-In authentication,Feature
Create tests for UI module,Testing
Add new API functionality,Feature
Conduct integration testing on cart system,Testing
Create tests for authentication module,Testing
Fix API system crash,Bug
Fix login system crash,Bug
Create tests for payment module,Testing
Fix payment system crash,Bug
Document API endpoints for frontend team,Documentation
Add new UI functionality,Feature
Update authentication documentation,Documentation
Create test cases for user registration,Testing
Add new database functionality,Feature
Resolve memory leak in dashboard module,Bug
Setup database deployment pipeline,DevOps
Fix authentication system crash,Bug
Fix authentication system crash,Bug
Update login documentation,Documentation
Add new UI functionality,Feature
Develop a profile picture upload feature,Feature
Update database documentation,Documentation
Configure Docker and Kubernetes for microservices,DevOps
Update database documentation,Documentation
Create test cases for user registration,Testing
Setup API deployment pipeline,DevOps
Conduct integration testing on cart system,Testing
Update user management documentation,Documentation
Fix UI system crash,Bug
Add new database functionality,Feature
Update UI documentation,Documentation
Fix payment system crash,Bug
Setup login deployment pipeline,DevOps
Setup API deployment pipeline,DevOps
Setup database deployment pipeline,DevOps
Create tests for UI module,Testing
Setup payment deployment pipeline,DevOps
Add new API functionality,Feature
Add new API functionality,Feature
Create tests for database module,Testing
Create tests for payment module,Testing
Conduct integration testing on cart system,Testing
Update user management documentation,Documentation
Setup database deployment pipeline,DevOps
Setup payment deployment pipeline,DevOps
Create tests for database module,Testing
Resolve issue with image upload not working,Bug
Write user guide for admin dashboard,Documentation
Fix authentication system crash,Bug
Develop a profile picture upload feature,Feature
Create test cases for user registration,Testing
Create tests for authentication module,Testing
Setup database deployment pipeline,DevOps
Setup authentication deployment pipeline,DevOps
Update API documentation,Documentation
Update database documentation,Documentation
Create tests for payment module,Testing
Fix API system crash,Bug
Update API documentation,Documentation
Test responsiveness of homepage on all devices,Testing
Add new database functionality,Feature
Update authentication documentation,Documentation
Create tests for API module,Testing
Fix API system crash,Bug
Add new payment functionality,Feature
Update user management documentation,Documentation
Setup UI deployment pipeline,DevOps
Resolve memory leak in dashboard module,Bug
Add new payment functionality,Feature
Add new user management functionality,Feature
Add new authentication functionality,Feature
Document API endpoints for frontend team,Documentation
Update database documentation,Documentation
Update payment documentation,Documentation
Fix database system crash,Bug
Setup API deployment pipeline,DevOps
Setup login deployment pipeline,DevOps
Setup API deployment pipeline,DevOps
Add new UI functionality,Feature
Create tests for database module,Testing
Fix authentication system crash,Bug
Setup API deployment pipeline,DevOps
Add new API functionality,Feature
Perform regression testing after patch release,Testing
Setup database deployment pipeline,DevOps
Add new user management functionality,Feature
Setup payment deployment pipeline,DevOps
Setup user management deployment pipeline,DevOps
Write unit tests for payment module,Testing
Create tests for payment module,Testing
Fix authentication system crash,Bug
Setup user management deployment pipeline,DevOps
Add new payment functionality,Feature
Setup payment deployment pipeline,DevOps
Update database documentation,Documentation
Add new database functionality,Feature
Update database documentation,Documentation
Setup UI deployment pipeline,DevOps
Update login documentation,Documentation
Create tests for payment module,Testing
Update payment documentation,Documentation
Fix API system crash,Bug
Create tests for user management module,Testing
Write shell script for nightly backups,DevOps
Fix login system crash,Bug
Create tests for API module,Testing
Create tests for database module,Testing
Setup payment deployment pipeline,DevOps
Update database documentation,Documentation
Update authentication documentation,Documentation
Add new payment functionality,Feature
Setup database deployment pipeline,DevOps
Create tests for authentication module,Testing
Update authentication documentation,Documentation
Setup login deployment pipeline,DevOps
Setup user management deployment pipeline,DevOps
Setup login deployment pipeline,DevOps
Setup payment deployment pipeline,DevOps
Test responsiveness of homepage on all devices,Testing
Fix API system crash,Bug
Create tests for authentication module,Testing
Add new user management functionality,Feature
Fix API system crash,Bug
Create tests for API module,Testing
Update UI documentation,Documentation
Setup authentication deployment pipeline,DevOps
Setup authentication deployment pipeline,DevOps
Create tests for payment module,Testing
Add new authentication functionality,Feature
Create tests for login module,Testing
Create tests for API module,Testing
Setup API deployment pipeline,DevOps
Update payment documentation,Documentation
Fix payment system crash,Bug
Setup database deployment pipeline,DevOps
Update database documentation,Documentation
Setup user management deployment pipeline,DevOps
Setup UI deployment pipeline,DevOps
Create tests for login module,Testing
Update API documentation,Documentation
Update UI documentation,Documentation
Create tests for payment module,Testing
Fix API system crash,Bug
Add new database functionality,Feature
Setup payment deployment pipeline,DevOps
Fix login crash issue on Android,Bug
Conduct integration testing on cart system,Testing
Setup API deployment pipeline,DevOps
Update README with installation steps,Documentation
Create tests for login module,Testing
Fix login system crash,Bug
Add new API functionality,Feature
Add new login functionality,Feature
Update user management documentation,Documentation
Write shell script for nightly backups,DevOps
Fix UI system crash,Bug
Update UI documentation,Documentation
Fix API system crash,Bug
Create export to PDF functionality,Feature
Setup API deployment pipeline,DevOps
Fix API system crash,Bug
Update API documentation,Documentation
Create tests for UI module,Testing
Update login documentation,Documentation
Document API endpoints for frontend team,Documentation
Add new login functionality,Feature
Create tests for authentication module,Testing
Update UI documentation,Documentation
Resolve memory leak in dashboard module,Bug
Update README with installation steps,Documentation
Fix API system crash,Bug
Update API documentation,Documentation
Setup UI deployment pipeline,DevOps
Update API documentation,Documentation
Fix user management system crash,Bug
Test responsiveness of homepage on all devices,Testing
Add new login functionality,Feature
Monitor logs with Prometheus and Grafana,DevOps
Add new database functionality,Feature
Create tests for login module,Testing
Create export to PDF functionality,Feature
Add new login functionality,Feature
Setup login deployment pipeline,DevOps
Fix UI system crash,Bug
Document API endpoints for frontend team,Documentation
Create tests for authentication module,Testing
Document API endpoints for frontend team,Documentation
Fix API system crash,Bug
Update authentication documentation,Documentation
Setup payment deployment pipeline,DevOps
Setup UI deployment pipeline,DevOps
Add new API functionality,Feature
Add dark mode support to the web app,Feature
Create changelog for v2.0 release,Documentation
Conduct integration testing on cart system,Testing
Add new login functionality,Feature
Add new authentication functionality,Feature
Fix login system crash,Bug
Fix API system crash,Bug
Add new user management functionality,Feature
Fix broken pagination on user list,Bug
Configure Docker and Kubernetes for microservices,DevOps
Update UI documentation,Documentation
Setup authentication deployment pipeline,DevOps
Create tests for user management module,Testing
Setup user management deployment pipeline,DevOps
Create tests for UI module,Testing
Add new login functionality,Feature
Create tests for UI module,Testing
Update login documentation,Documentation
Write user guide for admin dashboard,Documentation
Resolve memory leak in dashboard module,Bug
Create tests for authentication module,Testing
Create tests for database module,Testing
Add new user management functionality,Feature
Setup authentication deployment pipeline,DevOps
Create tests for UI module,Testing
Create changelog for v2.0 release,Documentation
Create tests for database module,Testing
Fix UI system crash,Bug
Update login documentation,Documentation
Setup login deployment pipeline,DevOps
Set up CI/CD pipeline with GitHub Actions,DevOps
Update user management documentation,Documentation
Update payment documentation,Documentation
Fix authentication system crash,Bug
Create tests for payment module,Testing
Setup database deployment pipeline,DevOps
Fix broken pagination on user list,Bug
Fix login crash issue on Android,Bug
Update login documentation,Documentation
Create tests for authentication module,Testing
Update payment documentation,Documentation
Update database documentation,Documentation
Monitor logs with Prometheus and Grafana,DevOps
Fix authentication system crash,Bug
Fix login system crash,Bug
Monitor logs with Prometheus and Grafana,DevOps
Fix authentication system crash,Bug
Add new UI functionality,Feature
Update payment documentation,Documentation
Monitor logs with Prometheus and Grafana,DevOps
Create tests for authentication module,Testing
Setup API deployment pipeline,DevOps
Update user management documentation,Documentation
Setup UI deployment pipeline,DevOps
Add new authentication functionality,Feature
Develop a profile picture upload feature,Feature
Create tests for API module,Testing
Create tests for login module,Testing
Create tests for UI module,Testing
Create tests for login module,Testing
Update user management documentation,Documentation
Fix authentication system crash,Bug
Create tests for authentication module,Testing
Add new login functionality,Feature
Fix database system crash,Bug
Fix login crash issue on Android,Bug
Fix UI system crash,Bug
Setup user management deployment pipeline,DevOps
Create tests for UI module,Testing
Write unit tests for payment module,Testing
Fix API system crash,Bug
Setup database deployment pipeline,DevOps
Setup API deployment pipeline,DevOps
Update login documentation,Documentation
Fix database system crash,Bug
Update user management documentation,Documentation
Create tests for UI module,Testing
Create tests for UI module,Testing
Fix authentication system crash,Bug
Setup database deployment pipeline,DevOps
Add new database functionality,Feature
Create tests for authentication module,Testing
Add new UI functionality,Feature
Add new authentication functionality,Feature
Setup database deployment pipeline,DevOps
Resolve issue with image upload not working,Bug
Setup login deployment pipeline,DevOps
Fix payment system crash,Bug
Document API endpoints for frontend team,Documentation
Perform regression testing after patch release,Testing
Implement Google Sign-In authentication,Feature
Fix authentication system crash,Bug
Fix UI system crash,Bug
Update login documentation,Documentation
Monitor logs with Prometheus and Grafana,DevOps
Create test cases for user registration,Testing
Write unit tests for payment module,Testing
Fix user management system crash,Bug
Fix database system crash,Bug
Resolve memory leak in dashboard module,Bug
Update API documentation,Documentation
Create tests for payment module,Testing
Add dark mode support to the web app,Feature
Create tests for authentication module,Testing
Write user guide for admin dashboard,Documentation
Update login documentation,Documentation
Create tests for authentication module,Testing
Setup login deployment pipeline,DevOps
Update UI documentation,Documentation
Fix broken pagination on user list,Bug
Create tests for database module,Testing
Fix UI system crash,Bug
Fix database system crash,Bug
Setup user management deployment pipeline,DevOps
Fix API system crash,Bug
Test responsiveness of homepage on all devices,Testing
Set up CI/CD pipeline with GitHub Actions,DevOps
Update login documentation,Documentation
Update UI documentation,Documentation
Create tests for API module,Testing
Create tests for UI module,Testing
Update authentication documentation,Documentation
Fix API system crash,Bug
Fix payment system crash,Bug
Set up CI/CD pipeline with GitHub Actions,DevOps
Update login documentation,Documentation
Fix API returning 500 error,Bug
Setup payment deployment pipeline,DevOps
Update authentication documentation,Documentation
Set up CI/CD pipeline with GitHub Actions,DevOps
Create tests for database module,Testing
Update authentication documentation,Documentation
Update login documentation,Documentation
Add new user management functionality,Feature
Add dark mode support to the web app,Feature
Create tests for database module,Testing
Document API endpoints for frontend team,Documentation
Update authentication documentation,Documentation
Conduct integration testing on cart system,Testing
Add new database functionality,Feature
Update authentication documentation,Documentation
Perform regression testing after patch release,Testing
Monitor logs with Prometheus and Grafana,DevOps
Resolve memory leak in dashboard module,Bug
Setup user management deployment pipeline,DevOps
Monitor logs with Prometheus and Grafana,DevOps
Setup login deployment pipeline,DevOps
Setup database deployment pipeline,DevOps
Setup UI deployment pipeline,DevOps
Setup payment deployment pipeline,DevOps
Create changelog for v2.0 release,Documentation
Create tests for database module,Testing
Fix UI system crash,Bug
Fix database system crash,Bug
Setup user management deployment pipeline,DevOps
Create tests for login module,Testing
Create export to PDF functionality,Feature
Create tests for UI module,Testing
Create tests for login module,Testing
Update login documentation,Documentation
Resolve issue with image upload not working,Bug
Update UI documentation,Documentation
Setup payment deployment pipeline,DevOps
Setup API deployment pipeline,DevOps
Add new user management functionality,Feature
Add new user management functionality,Feature
Update README with installation steps,Documentation
Create tests for payment module,Testing
Setup login deployment pipeline,DevOps
Add new API functionality,Feature
Create tests for API module,Testing
Fix login system crash,Bug
Setup UI deployment pipeline,DevOps
Write unit tests for payment module,Testing
Create tests for authentication module,Testing
Enable real-time chat between users,Feature
Write unit tests for payment module,Testing
Add new login functionality,Feature
Setup authentication deployment pipeline,DevOps
Fix API system crash,Bug
Fix login system crash,Bug
Setup user management deployment pipeline,DevOps
Create tests for UI module,Testing
Fix database system crash,Bug
Add new login functionality,Feature
Add new authentication functionality,Feature
Setup UI deployment pipeline,DevOps
Setup payment deployment pipeline,DevOps
Setup authentication deployment pipeline,DevOps
Setup payment deployment pipeline,DevOps
Update database documentation,Documentation
Update payment documentation,Documentation
Add new authentication functionality,Feature
Fix user management system crash,Bug
Fix UI system crash,Bug
Fix user management system crash,Bug
Fix authentication system crash,Bug
Create tests for login module,Testing
Create tests for payment module,Testing
Create tests for login module,Testing
Update authentication documentation,Documentation
Create changelog for v2.0 release,Documentation
Fix authentication system crash,Bug
Fix UI system crash,Bug
Setup user management deployment pipeline,DevOps
Fix database system crash,Bug
Create tests for user management module,Testing
Create tests for API module,Testing
Add new UI functionality,Feature
Add new payment functionality,Feature
Setup payment deployment pipeline,DevOps
Add new user management functionality,Feature
Update API documentation,Documentation
Fix payment system crash,Bug
Update user management documentation,Documentation
Create tests for database module,Testing
Setup UI deployment pipeline,DevOps
Add inline comments in data processor code,Documentation
Update authentication documentation,Documentation
Update UI documentation,Documentation
Create tests for user management module,Testing
Create export to PDF functionality,Feature
Setup database deployment pipeline,DevOps
Add new authentication functionality,Feature
Update user management documentation,Documentation
Create tests for login module,Testing
Update database documentation,Documentation
Update README with installation steps,Documentation
Create tests for user management module,Testing
Automate deployment using Jenkins,DevOps
Update API documentation,Documentation
Setup UI deployment pipeline,DevOps
Setup UI deployment pipeline,DevOps
Setup database deployment pipeline,DevOps
Add new API functionality,Feature
Create tests for login module,Testing
Setup payment deployment pipeline,DevOps
Setup user management deployment pipeline,DevOps
Add dark mode support to the web app,Feature
Create tests for API module,Testing
Add new authentication functionality,Feature
Create tests for UI module,Testing
Document API endpoints for frontend team,Documentation
Write shell script for nightly backups,DevOps
Test responsiveness of homepage on all devices,Testing
Setup payment deployment pipeline,DevOps
Set up CI/CD pipeline with GitHub Actions,DevOps
Create tests for API module,Testing
Setup authentication deployment pipeline,DevOps
Setup API deployment pipeline,DevOps
Setup authentication deployment pipeline,DevOps
Fix authentication system crash,Bug
Update login documentation,Documentation
Create export to PDF functionality,Feature
Setup authentication deployment pipeline,DevOps
Create tests for payment module,Testing
Fix broken pagination on user list,Bug
Create tests for user management module,Testing
Create tests for API module,Testing
Add dark mode support to the web app,Feature
Create tests for user management module,Testing
Fix UI system crash,Bug
Fix login system crash,Bug
Update payment documentation,Documentation
Setup authentication deployment pipeline,DevOps
Fix login crash issue on Android,Bug
Fix UI system crash,Bug
Add new login functionality,Feature
Setup UI deployment pipeline,DevOps
Add dark mode support to the web app,Feature
Add new payment functionality,Feature
Add new authentication functionality,Feature
Write shell script for nightly backups,DevOps
Update authentication documentation,Documentation
Update database documentation,Documentation
Document API endpoints for frontend team,Documentation
Create test cases for user registration,Testing
Update user management documentation,Documentation
Write shell script for nightly backups,DevOps
Fix UI system crash,Bug
Setup database deployment pipeline,DevOps
Create tests for user management module,Testing
Create tests for payment module,Testing
Fix UI system crash,Bug
Add new payment functionality,Feature
Add new payment functionality,Feature
Setup user management deployment pipeline,DevOps
Update database documentation,Documentation
Update UI documentation,Documentation
Create tests for API module,Testing
Resolve issue with image upload not working,Bug
Update API documentation,Documentation
Add new UI functionality,Feature
Update API documentation,Documentation
Setup user management deployment pipeline,DevOps
Automate deployment using Jenkins,DevOps
Update UI documentation,Documentation
Setup payment deployment pipeline,DevOps
Update payment documentation,Documentation
Create tests for payment module,Testing
Fix login system crash,Bug
Add new user management functionality,Feature
Resolve issue with image upload not working,Bug
Create tests for UI module,Testing
Create tests for authentication module,Testing
Fix API returning 500 error,Bug
Fix database system crash,Bug
Update database documentation,Documentation
Document API endpoints for frontend team,Documentation
Setup UI deployment pipeline,DevOps
Fix API system crash,Bug
Write shell script for nightly backups,DevOps
Create tests for API module,Testing
Update user management documentation,Documentation
Create changelog for v2.0 release,Documentation
Create tests for database module,Testing
Setup login deployment pipeline,DevOps
Document API endpoints for frontend team,Documentation
Setup user management deployment pipeline,DevOps
Update UI documentation,Documentation
Setup database deployment pipeline,DevOps
Create tests for user management module,Testing
Create tests for payment module,Testing
Create changelog for v2.0 release,Documentation
Setup payment deployment pipeline,DevOps
Fix API system crash,Bug
Fix API returning 500 error,Bug
Set up CI/CD pipeline with GitHub Actions,DevOps
Fix user management system crash,Bug
Create export to PDF functionality,Feature
Write user guide for admin dashboard,Documentation
Add new login functionality,Feature
Create test cases for user registration,Testing
Add new payment functionality,Feature
Update API documentation,Documentation
Conduct integration testing on cart system,Testing
Create tests for UI module,Testing
Add new payment functionality,Feature
Implement Google Sign-In authentication,Feature
Update user management documentation,Documentation
Update UI documentation,Documentation
Add new UI functionality,Feature
Monitor logs with Prometheus and Grafana,DevOps
Setup UI deployment pipeline,DevOps
Fix API returning 500 error,Bug
Create tests for API module,Testing
Add new authentication functionality,Feature
Create tests for API module,Testing
Create tests for authentication module,Testing
Create tests for authentication module,Testing
Add dark mode support to the web app,Feature
Update login documentation,Documentation
Setup payment deployment pipeline,DevOps
Setup payment deployment pipeline,DevOps
Fix user management system crash,Bug
Add new database functionality,Feature
Fix authentication system crash,Bug
Write unit tests for payment module,Testing
Fix login system crash,Bug
Fix login crash issue on Android,Bug
Setup API deployment pipeline,DevOps
Add new database functionality,Feature
Update API documentation,Documentation
Add new authentication functionality,Feature
Fix user management system crash,Bug
Update API documentation,Documentation
Setup login deployment pipeline,DevOps
Create tests for payment module,Testing
Create tests for API module,Testing
Add new authentication functionality,Feature
Write unit tests for payment module,Testing
Setup login deployment pipeline,DevOps
Update login documentation,Documentation
Update user management documentation,Documentation
Create tests for API module,Testing
Setup API deployment pipeline,DevOps
Create tests for UI module,Testing
Add new login functionality,Feature
Perform regression testing after patch release,Testing
Update user management documentation,Documentation
Fix login crash issue on Android,Bug
Create tests for payment module,Testing
Create tests for authentication module,Testing
Update payment documentation,Documentation
Setup login deployment pipeline,DevOps
Setup API deployment pipeline,DevOps
Implement Google Sign-In authentication,Feature
Setup authentication deployment pipeline,DevOps
Add new payment functionality,Feature
Add new API functionality,Feature
Create tests for login module,Testing
Add new database functionality,Feature
Add new UI functionality,Feature
Configure Docker and Kubernetes for microservices,DevOps
Add dark mode support to the web app,Feature
Setup payment deployment pipeline,DevOps
Update UI documentation,Documentation
Setup UI deployment pipeline,DevOps
Add new user management functionality,Feature
Update user management documentation,Documentation
Resolve memory leak in dashboard module,Bug
Create export to PDF functionality,Feature
Setup login deployment pipeline,DevOps
Fix authentication system crash,Bug
Perform regression testing after patch release,Testing
Create tests for user management module,Testing
Update login documentation,Documentation
Update authentication documentation,Documentation
Fix payment system crash,Bug
Add new UI functionality,Feature
Update database documentation,Documentation
Fix login system crash,Bug
Setup authentication deployment pipeline,DevOps
Write unit tests for payment module,Testing
Enable real-time chat between users,Feature
Create tests for user management module,Testing
Setup authentication deployment pipeline,DevOps
Create tests for authentication module,Testing
Fix login system crash,Bug
Conduct integration testing on cart system,Testing
Fix authentication system crash,Bug
Create tests for authentication module,Testing
Write unit tests for payment module,Testing
Configure Docker and Kubernetes for microservices,DevOps
Update login documentation,Documentation
Create tests for authentication module,Testing
Update user management documentation,Documentation
Setup API deployment pipeline,DevOps
Create tests for user management module,Testing
Write user guide for admin dashboard,Documentation
Test responsiveness of homepage on all devices,Testing
Fix authentication system crash,Bug
Add new UI functionality,Feature
Write user guide for admin dashboard,Documentation
Fix payment system crash,Bug
Fix user management system crash,Bug
Create tests for payment module,Testing
Update UI documentation,Documentation
Setup UI deployment pipeline,DevOps
Add new database functionality,Feature
Add new login functionality,Feature
Fix authentication system crash,Bug
Create tests for login module,Testing
Add new API functionality,Feature
Fix login system crash,Bug
Create tests for user management module,Testing
Fix login crash issue on Android,Bug
Fix user management system crash,Bug
Update authentication documentation,Documentation
Create tests for UI module,Testing
Setup authentication deployment pipeline,DevOps
Update API documentation,Documentation
Setup login deployment pipeline,DevOps
Fix broken pagination on user list,Bug
Fix UI system crash,Bug
Setup authentication deployment pipeline,DevOps
Setup login deployment pipeline,DevOps
Fix UI system crash,Bug
Set up CI/CD pipeline with GitHub Actions,DevOps
Setup authentication deployment pipeline,DevOps
Update authentication documentation,Documentation
Create tests for payment module,Testing
Add dark mode support to the web app,Feature
Fix login crash issue on Android,Bug
Add new authentication functionality,Feature
Create tests for authentication module,Testing
Enable real-time chat between users,Feature
Update payment documentation,Documentation
Setup user management deployment pipeline,DevOps
Update login documentation,Documentation
Fix payment system crash,Bug
Add new UI functionality,Feature
Setup authentication deployment pipeline,DevOps
Update authentication documentation,Documentation
Update README with installation steps,Documentation
Fix UI system crash,Bug
Setup login deployment pipeline,DevOps
Create tests for UI module,Testing
Add new payment functionality,Feature
Add new login functionality,Feature
Fix login crash issue on Android,Bug
Develop a profile picture upload feature,Feature
Update payment documentation,Documentation
Update UI documentation,Documentation
Fix database system crash,Bug
Update payment documentation,Documentation
Setup payment deployment pipeline,DevOps
Create tests for authentication module,Testing
Fix user management system crash,Bug
Add new API functionality,Feature
Add new database functionality,Feature
Fix authentication system crash,Bug
Write user guide for admin dashboard,Documentation
Fix login system crash,Bug
Fix authentication system crash,Bug
Fix API returning 500 error,Bug
Perform regression testing after patch release,Testing
Document API endpoints for frontend team,Documentation
Setup user management deployment pipeline,DevOps
Create tests for API module,Testing
Create tests for login module,Testing
Create tests for UI module,Testing
Setup authentication deployment pipeline,DevOps
Create tests for login module,Testing
Fix authentication system crash,Bug
Fix user management system crash,Bug
Fix payment system crash,Bug
Update database documentation,Documentation
Setup user management deployment pipeline,DevOps
Update login documentation,Documentation
Create tests for login module,Testing
Develop a profile picture upload feature,Feature
Create tests for database module,Testing
Setup API deployment pipeline,DevOps
Create test cases for user registration,Testing
Create export to PDF functionality,Feature
Setup user management deployment pipeline,DevOps
Test responsiveness of homepage on all devices,Testing
Add new API functionality,Feature
Add new login functionality,Feature
Update login documentation,Documentation
Perform regression testing after patch release,Testing
Setup login deployment pipeline,DevOps
Add new database functionality,Feature
Create tests for authentication module,Testing
Create tests for database module,Testing
Create tests for login module,Testing
Test responsiveness of homepage on all devices,Testing
Conduct integration testing on cart system,Testing
Add inline comments in data processor code,Documentation
Fix user management system crash,Bug
Setup user management deployment pipeline,DevOps
Create tests for user management module,Testing
Update login documentation,Documentation
Create tests for login module,Testing
Fix login system crash,Bug
Fix API system crash,Bug
Create tests for login module,Testing
Create tests for API module,Testing
Update user management documentation,Documentation
Update authentication documentation,Documentation
Configure Docker and Kubernetes for microservices,DevOps
Write unit tests for payment module,Testing
Add new user management functionality,Feature
Develop a profile picture upload feature,Feature
Fix login system crash,Bug
Add new user management functionality,Feature
Add new authentication functionality,Feature
Add new API functionality,Feature
Create tests for API module,Testing
Write user guide for admin dashboard,Documentation
Perform regression testing after patch release,Testing
Update database documentation,Documentation
Fix user management system crash,Bug
Create tests for UI module,Testing
Perform regression testing after patch release,Testing
Add new UI functionality,Feature
Setup login deployment pipeline,DevOps
Create tests for UI module,Testing
Add new database functionality,Feature
Create tests for user management module,Testing
Setup payment deployment pipeline,DevOps
Update authentication documentation,Documentation
Fix API returning 500 error,Bug
Write shell script for nightly backups,DevOps
Update payment documentation,Documentation
Create tests for payment module,Testing
Setup payment deployment pipeline,DevOps
Setup database deployment pipeline,DevOps
Add new login functionality,Feature
Update API documentation,Documentation
Write user guide for admin dashboard,Documentation
Update API documentation,Documentation
Fix user management system crash,Bug
Update API documentation,Documentation
Add inline comments in data processor code,Documentation
Setup UI deployment pipeline,DevOps
Create tests for payment module,Testing
Update login documentation,Documentation
Perform regression testing after patch release,Testing
Add new database functionality,Feature
Setup user management deployment pipeline,DevOps
Create tests for user management module,Testing
Setup payment deployment pipeline,DevOps
Create tests for login module,Testing
Create test cases for user registration,Testing
Update payment documentation,Documentation
Add inline comments in data processor code,Documentation
Add new login functionality,Feature
Setup login deployment pipeline,DevOps
Update UI documentation,Documentation
Setup UI deployment pipeline,DevOps
Add new authentication functionality,Feature
Setup authentication deployment pipeline,DevOps
Automate deployment using Jenkins,DevOps
Add new API functionality,Feature
Fix user management system crash,Bug
Setup user management deployment pipeline,DevOps
Create tests for API module,Testing
Add new database functionality,Feature
Add new UI functionality,Feature
Configure Docker and Kubernetes for microservices,DevOps
Update database documentation,Documentation
Setup UI deployment pipeline,DevOps
Setup payment deployment pipeline,DevOps
Create tests for authentication module,Testing
Create tests for login module,Testing
Fix payment system crash,Bug
Setup UI deployment pipeline,DevOps
Add new authentication functionality,Feature
Setup user management deployment pipeline,DevOps
Configure Docker and Kubernetes for microservices,DevOps
Add new UI functionality,Feature
Update user management documentation,Documentation
Write shell script for nightly backups,DevOps
Create tests for API module,Testing
Update payment documentation,Documentation
Update user management documentation,Documentation
Add new payment functionality,Feature
Add new authentication functionality,Feature
Create tests for login module,Testing
Update UI documentation,Documentation
Setup login deployment pipeline,DevOps
Update payment documentation,Documentation
Configure Docker and Kubernetes for microservices,DevOps
Setup login deployment pipeline,DevOps
Conduct integration testing on cart system,Testing
Update database documentation,Documentation
Add new payment functionality,Feature
Setup user management deployment pipeline,DevOps
Setup user management deployment pipeline,DevOps
Update authentication documentation,Documentation
Create tests for UI module,Testing
Enable real-time chat between users,Feature
Create tests for API module,Testing
Setup authentication deployment pipeline,DevOps
Add new authentication functionality,Feature
Create export to PDF functionality,Feature
Fix API system crash,Bug
Update payment documentation,Documentation
Add new login functionality,Feature
Add new authentication functionality,Feature
Fix login crash issue on Android,Bug
Add new login functionality,Feature
Update payment documentation,Documentation
Update payment documentation,Documentation
Add new payment functionality,Feature
Setup login deployment pipeline,DevOps
Resolve memory leak in dashboard module,Bug
Setup UI deployment pipeline,DevOps
Add new API functionality,Feature
Fix database system crash,Bug
Add new authentication functionality,Feature
Create tests for user management module,Testing
Fix API system crash,Bug
Create tests for user management module,Testing
Fix API returning 500 error,Bug
Update user management documentation,Documentation
Update UI documentation,Documentation
Add new login functionality,Feature
Create tests for user management module,Testing
Create tests for login module,Testing
Setup login deployment pipeline,DevOps
Setup UI deployment pipeline,DevOps
Setup database deployment pipeline,DevOps
Automate deployment using Jenkins,DevOps
Fix login system crash,Bug
Fix login system crash,Bug
Update payment documentation,Documentation
Fix database system crash,Bug
Create tests for payment module,Testing
Update UI documentation,Documentation
Configure Docker and Kubernetes for microservices,DevOps
Set up CI/CD pipeline with GitHub Actions,DevOps
Create tests for user management module,Testing
Setup authentication deployment pipeline,DevOps
Update UI documentation,Documentation
Setup UI deployment pipeline,DevOps
Automate deployment using Jenkins,DevOps
Resolve memory leak in dashboard module,Bug
Add inline comments in data processor code,Documentation
Create tests for login module,Testing
Update login documentation,Documentation
Automate deployment using Jenkins,DevOps
Setup UI deployment pipeline,DevOps
Update database documentation,Documentation
Update user management documentation,Documentation
Fix database system crash,Bug
Create tests for payment module,Testing
Setup database deployment pipeline,DevOps
Add new payment functionality,Feature
Setup UI deployment pipeline,DevOps
Setup payment deployment pipeline,DevOps
Fix login crash issue on Android,Bug
Add new payment functionality,Feature
Configure Docker and Kubernetes for microservices,DevOps
Update login documentation,Documentation
Setup payment deployment pipeline,DevOps
Resolve memory leak in dashboard module,Bug
Fix database system crash,Bug
Add new API functionality,Feature
Update UI documentation,Documentation
Setup payment deployment pipeline,DevOps
Automate deployment using Jenkins,DevOps
Setup login deployment pipeline,DevOps
Create tests for user management module,Testing
Resolve issue with image upload not working,Bug
Fix login system crash,Bug
Update database documentation,Documentation
Add new user management functionality,Feature
Setup payment deployment pipeline,DevOps
Enable real-time chat between users,Feature
Add inline comments in data processor code,Documentation
Fix API system crash,Bug
Fix authentication system crash,Bug
Add new payment functionality,Feature
Update user management documentation,Documentation
Add new user management functionality,Feature
Update payment documentation,Documentation
Fix API returning 500 error,Bug
Monitor logs with Prometheus and Grafana,DevOps
Add inline comments in data processor code,Documentation
Setup UI deployment pipeline,DevOps
Resolve memory leak in dashboard module,Bug
Create tests for payment module,Testing
Add new payment functionality,Feature
Fix login system crash,Bug
Setup authentication deployment pipeline,DevOps
Fix UI system crash,Bug
Develop a profile picture upload feature,Feature
Update login documentation,Documentation
Update payment documentation,Documentation
Update database documentation,Documentation
Implement Google Sign-In authentication,Feature
Add new payment functionality,Feature
Update README with installation steps,Documentation
Create changelog for v2.0 release,Documentation
Add new API functionality,Feature
Automate deployment using Jenkins,DevOps
Create tests for payment module,Testing
Resolve issue with image upload not working,Bug
Create export to PDF functionality,Feature
Resolve memory leak in dashboard module,Bug
Fix payment system crash,Bug
Fix login system crash,Bug
Update UI documentation,Documentation
Fix user management system crash,Bug
Resolve issue with image upload not working,Bug
Update API documentation,Documentation
Create tests for login module,Testing
Update payment documentation,Documentation
Enable real-time chat between users,Feature
Fix user management system crash,Bug
Write unit tests for payment module,Testing
Setup UI deployment pipeline,DevOps
Setup payment deployment pipeline,DevOps
Test responsiveness of homepage on all devices,Testing
Add new login functionality,Feature
Update login documentation,Documentation
Add new login functionality,Feature
Fix API system crash,Bug
Update README with installation steps,Documentation
Fix UI system crash,Bug
Document API endpoints for frontend team,Documentation
Write shell script for nightly backups,DevOps
Setup login deployment pipeline,DevOps
Add new user management functionality,Feature
Setup UI deployment pipeline,DevOps
Fix broken pagination on user list,Bug
Update user management documentation,Documentation
Add inline comments in data processor code,Documentation
Fix login system crash,Bug
Update database documentation,Documentation
Resolve issue with image upload not working,Bug
Setup authentication deployment pipeline,DevOps
Add new authentication functionality,Feature
Create tests for UI module,Testing
Create tests for user management module,Testing
Fix login crash issue on Android,Bug
Configure Docker and Kubernetes for microservices,DevOps
Add new API functionality,Feature
Fix payment system crash,Bug
Setup payment deployment pipeline,DevOps
Update README with installation steps,Documentation
Update user management documentation,Documentation
Fix payment system crash,Bug
Update UI documentation,Documentation
Create export to PDF functionality,Feature
Create tests for payment module,Testing
Create tests for database module,Testing
Setup API deployment pipeline,DevOps
Setup API deployment pipeline,DevOps
Add new payment functionality,Feature
Update UI documentation,Documentation
Update login documentation,Documentation
Setup UI deployment pipeline,DevOps
Add new database functionality,Feature
Update user management documentation,Documentation
Setup payment deployment pipeline,DevOps
Add dark mode support to the web app,Feature
Create tests for API module,Testing
Add new authentication functionality,Feature
Create tests for user management module,Testing
Setup user management deployment pipeline,DevOps
Fix user management system crash,Bug
Create export to PDF functionality,Feature
Create export to PDF functionality,Feature
Update payment documentation,Documentation
Update payment documentation,Documentation
Fix database system crash,Bug
Create tests for login module,Testing
Update user management documentation,Documentation
Fix UI system crash,Bug
Add new UI functionality,Feature
Write user guide for admin dashboard,Documentation
Add new database functionality,Feature
Fix broken pagination on user list,Bug
Update README with installation steps,Documentation
Update payment documentation,Documentation
Implement Google Sign-In authentication,Feature
Create tests for payment module,Testing
Add dark mode support to the web app,Feature
Add new UI functionality,Feature
Create tests for authentication module,Testing
Fix database system crash,Bug
Fix authentication system crash,Bug
Create tests for user management module,Testing
Add new payment functionality,Feature
Perform regression testing after patch release,Testing
Write unit tests for payment module,Testing
Setup database deployment pipeline,DevOps
Update login documentation,Documentation
Write shell script for nightly backups,DevOps
Setup database deployment pipeline,DevOps
Fix UI system crash,Bug
Update database documentation,Documentation
Conduct integration testing on cart system,Testing
Setup API deployment pipeline,DevOps
Set up CI/CD pipeline with GitHub Actions,DevOps
Fix user management system crash,Bug
Update authentication documentation,Documentation
Conduct integration testing on cart system,Testing
Create tests for API module,Testing
Fix login system crash,Bug
Create changelog for v2.0 release,Documentation
Update database documentation,Documentation
Setup authentication deployment pipeline,DevOps
Update UI documentation,Documentation
Setup login deployment pipeline,DevOps
Add dark mode support to the web app,Feature
Add new authentication functionality,Feature
Fix database system crash,Bug
Setup login deployment pipeline,DevOps
Fix API system crash,Bug
Add new payment functionality,Feature
Setup user management deployment pipeline,DevOps
Add dark mode support to the web app,Feature
Conduct integration testing on cart system,Testing
Add new payment functionality,Feature
Update payment documentation,Documentation
Create tests for user management module,Testing
Setup API deployment pipeline,DevOps
Update UI documentation,Documentation
Create tests for user management module,Testing
Create tests for UI module,Testing
Create tests for database module,Testing
Add new authentication functionality,Feature
Configure Docker and Kubernetes for microservices,DevOps
Set up CI/CD pipeline with GitHub Actions,DevOps
Add new database functionality,Feature
Add new user management functionality,Feature
Fix login system crash,Bug
Update API documentation,Documentation
Resolve issue with image upload not working,Bug
Create tests for API module,Testing
Document API endpoints for frontend team,Documentation
Setup user management deployment pipeline,DevOps
Fix login system crash,Bug
Create tests for authentication module,Testing
Setup UI deployment pipeline,DevOps
Update payment documentation,Documentation
Setup authentication deployment pipeline,DevOps
Create export to PDF functionality,Feature
Write unit tests for payment module,Testing
Setup UI deployment pipeline,DevOps
Resolve memory leak in dashboard module,Bug
Add new UI functionality,Feature
Setup login deployment pipeline,DevOps
Update database documentation,Documentation
Create export to PDF functionality,Feature
Add dark mode support to the web app,Feature
Fix login system crash,Bug
Add new API functionality,Feature
Update API documentation,Documentation
Add new UI functionality,Feature
Setup authentication deployment pipeline,DevOps
Add new database functionality,Feature
Perform regression testing after patch release,Testing
Create tests for payment module,Testing
Fix authentication system crash,Bug
Setup user management deployment pipeline,DevOps
Fix user management system crash,Bug
Enable real-time chat between users,Feature
Fix database system crash,Bug
Add new payment functionality,Feature
Create tests for user management module,Testing
Add new authentication functionality,Feature
Add new payment functionality,Feature
Update payment documentation,Documentation
Fix UI system crash,Bug
Setup login deployment pipeline,DevOps
Add new UI functionality,Feature
Fix broken pagination on user list,Bug
Update API documentation,Documentation
Implement Google Sign-In authentication,Feature
Create changelog for v2.0 release,Documentation
Resolve memory leak in dashboard module,Bug
Setup payment deployment pipeline,DevOps
Update database documentation,Documentation
Update database documentation,Documentation
Add new login functionality,Feature
Fix API returning 500 error,Bug
Add new UI functionality,Feature
Update UI documentation,Documentation
Add new API functionality,Feature
Update login documentation,Documentation
Create tests for database module,Testing
Add new database functionality,Feature
Setup login deployment pipeline,DevOps
Setup payment deployment pipeline,DevOps
Create tests for API module,Testing
Setup login deployment pipeline,DevOps
Fix database system crash,Bug
Add new database functionality,Feature
Add new user management functionality,Feature
Monitor logs with Prometheus and Grafana,DevOps
Create tests for database module,Testing
Update payment documentation,Documentation
Create changelog for v2.0 release,Documentation
Fix database system crash,Bug
Setup authentication deployment pipeline,DevOps
Fix user management system crash,Bug
Add new payment functionality,Feature
Add new payment functionality,Feature
Add new user management functionality,Feature
Develop a profile picture upload feature,Feature
Add new user management functionality,Feature
Fix API system crash,Bug
Create tests for login module,Testing
Create tests for UI module,Testing
Add new database functionality,Feature
Fix API system crash,Bug
Fix login crash issue on Android,Bug
Update login documentation,Documentation
Add new payment functionality,Feature
Document API endpoints for frontend team,Documentation
Add new payment functionality,Feature
Setup database deployment pipeline,DevOps
Update UI documentation,Documentation
Fix payment system crash,Bug
Fix authentication system crash,Bug
Update user management documentation,Documentation
Add dark mode support to the web app,Feature
Fix login system crash,Bug
Fix UI system crash,Bug
Develop a profile picture upload feature,Feature
Fix user management system crash,Bug
Create tests for authentication module,Testing
Document API endpoints for frontend team,Documentation
Resolve issue with image upload not working,Bug
Create export to PDF functionality,Feature
Develop a profile picture upload feature,Feature
Update user management documentation,Documentation
Write unit tests for payment module,Testing
